{
  "eye": {
    "orientation": [
      3.629143785181597E-19,
      4.3674214245115195E-10,
      -9.020560751590417E-17,
      1
    ],
    "magnitude": 0.5773502588272095,
    "position": [
      1.0329465866088867,
      -0.179840087890625,
      399.99896240234375
    ]
  },
  "paths": [],
  "ortho": false,
  "radius": 200,
  "visualHints": 0
}